{"stats":{"minecraft:dropped":{"minecraft:wheat_seeds":1},"minecraft:mined":{"minecraft:oak_log":1},"minecraft:custom":{"minecraft:time_since_rest":3742,"minecraft:crouch_one_cm":334,"minecraft:deaths":2,"minecraft:sprint_one_cm":11231,"minecraft:play_time":10223,"minecraft:damage_taken":965,"minecraft:walk_one_cm":32187,"minecraft:sneak_time":650,"minecraft:drop":1,"minecraft:jump":156,"minecraft:damage_dealt":8,"minecraft:leave_game":2,"minecraft:walk_on_water_one_cm":405,"minecraft:time_since_death":3709,"minecraft:total_world_time":10223,"minecraft:fall_one_cm":5230,"minecraft:fly_one_cm":58959},"minecraft:used":{"minecraft:redstone_torch":5,"minecraft:tnt":1042,"minecraft:oak_planks":4},"minecraft:crafted":{"minecraft:oak_planks":4},"minecraft:picked_up":{"minecraft:wheat_seeds":1,"minecraft:oak_log":1}},"DataVersion":3465}