{"stats":{"minecraft:killed":{"minecraft:horse":2,"minecraft:sheep":5,"minecraft:cat":2,"minecraft:skeleton":7,"minecraft:zombie":3,"minecraft:pig":3,"minecraft:chicken":2,"minecraft:spider":3,"minecraft:iron_golem":2,"minecraft:creeper":5,"minecraft:cow":6},"minecraft:mined":{"minecraft:orange_tulip":6,"minecraft:grass":2,"minecraft:grass_block":4,"minecraft:rose_bush":1,"minecraft:dirt":1},"minecraft:custom":{"minecraft:time_since_rest":15894,"minecraft:sprint_one_cm":19204,"minecraft:walk_one_cm":14640,"minecraft:damage_taken":20,"minecraft:mob_kills":41,"minecraft:damage_dealt":8050,"minecraft:fly_one_cm":677928,"minecraft:crouch_one_cm":10,"minecraft:play_time":15894,"minecraft:sneak_time":444,"minecraft:walk_under_water_one_cm":196,"minecraft:jump":494,"minecraft:walk_on_water_one_cm":154,"minecraft:time_since_death":15894,"minecraft:total_world_time":15894,"minecraft:fall_one_cm":5178},"minecraft:used":{"minecraft:netherite_sword":82,"minecraft:orange_tulip":5,"minecraft:dirt":5,"minecraft:cobblestone":1,"minecraft:tnt":58},"minecraft:picked_up":{"minecraft:chicken":1,"minecraft:leather":6,"minecraft:porkchop":3,"minecraft:gunpowder":1,"minecraft:string":1,"minecraft:spider_eye":2,"minecraft:dirt":5,"minecraft:bone":5,"minecraft:arrow":3,"minecraft:rotten_flesh":3,"minecraft:bow":1,"minecraft:orange_tulip":5,"minecraft:beef":8,"minecraft:rose_bush":1,"minecraft:black_wool":1,"minecraft:mutton":5,"minecraft:white_wool":3}},"DataVersion":3465}