{"stats":{"minecraft:killed":{"minecraft:cow":6},"minecraft:mined":{"minecraft:grass":2,"minecraft:grass_block":3,"minecraft:rose_bush":1,"minecraft:orange_tulip":6},"minecraft:custom":{"minecraft:jump":142,"minecraft:time_since_rest":2665,"minecraft:damage_dealt":600,"minecraft:sprint_one_cm":8952,"minecraft:play_time":2665,"minecraft:time_since_death":2665,"minecraft:walk_one_cm":5331,"minecraft:total_world_time":2665,"minecraft:mob_kills":6,"minecraft:fall_one_cm":3044,"minecraft:fly_one_cm":16375},"minecraft:used":{"minecraft:orange_tulip":5,"minecraft:dirt":3},"minecraft:picked_up":{"minecraft:beef":8,"minecraft:rose_bush":1,"minecraft:leather":6,"minecraft:orange_tulip":5,"minecraft:dirt":3}},"DataVersion":3465}